p_control,p_treat,diff,diff_ci_low,diff_ci_high,z,pvalue,odds_ratio,or_ci_low,or_ci_high
0.002087962095457344,0.0030661719407645677,0.0009782098453072238,0.0006111333114155926,0.001345286379198855,4.570167697562749,4.87334091364008e-06,1.469940729221075,1.2448220682754758,1.735770759925846
