covariate,mean_treat,mean_ctrl,smd
f0,19.614967,19.673967,-0.010964825
f1,10.070357,10.067819,0.025204178
f10,5.3336897,5.33173,0.0117603205
f11,-0.17097618,-0.17090999,-0.0029161214
f2,8.445695,8.448459,-0.009212699
f3,4.171727,4.234868,-0.04875598
f4,10.338887,10.337117,0.0051623476
f5,4.0262756,4.0408616,-0.03496359
f6,-4.182903,-4.0116153,-0.037855253
f7,5.106249,5.0722656,0.028816262
f8,3.9332628,3.9344618,-0.02131222
f9,16.082035,15.916973,0.023645587
