qini_total,62.164880
auuc,47.963029
