top_prop,qini
0.100000,33.535040
0.200000,43.905940
0.300000,48.048800
0.400000,52.773485
0.500000,54.899776
